{
  "project_info": {
    "project_number": "586393295739",
    "project_id": "admin-panel---user-app",
    "storage_bucket": "admin-panel---user-app.appspot.com"
  },
  "client": [
    {
      "client_info": {
        "mobilesdk_app_id": "1:586393295739:android:dd8871ee1013d90165fbde",
        "android_client_info": {
          "package_name": "com.devstudio.adminpanel"
        }
      },
      "oauth_client": [],
      "api_key": [
        {
          "current_key": "AIzaSyB9iQbFUyxdfCz2bPWcqoEiwj7MFd0drMw"
        }
      ],
      "services": {
        "appinvite_service": {
          "other_platform_oauth_client": []
        }
      }
    }
  ],
  "configuration_version": "1"
}